,theta,rpm1,rpm2
0,0.0,0.0,0.0
1,0.0,3.1415926535897927,3.1415926535897927
2,330.0,6.283185307179585,3.1415926535897927
3,330.0,6.283185307179585,6.283185307179585
4,330.0,6.283185307179585,6.283185307179585
5,330.0,6.283185307179585,6.283185307179585
6,360.0,3.1415926535897927,6.283185307179585
7,0.0,6.283185307179585,6.283185307179585
8,330.0,6.283185307179585,3.1415926535897927
